id,question
1,Quali sono le caratteristiche meccaniche della Olivetti Lettera 22?
2,Quali materiali sono stati utilizzati per la costruzione della macchina?
3,Quali sono le dimensioni e il peso della Lettera 22?
4,Come funziona il sistema di battitura e di ritorno del carrello?
5,Qual è la velocità massima di battitura che può raggiungere?
6,Che tipo di nastro inchiostrato utilizza la Lettera 22?
7,Come viene eseguita la manutenzione e la riparazione della macchina?
8,In quale anno è stata prodotta la Olivetti Lettera 22?
9,Chi ha progettato la Lettera 22?
10,Qual è stato il contesto storico-economico in cui è stata lanciata?
11,Quale era la posizione di Olivetti nel mercato delle macchine da scrivere quando è stata introdotta la Lettera 22?
12,Quali sono stati i principali mercati di vendita della Olivetti Lettera 22?
13,Quali figure di rilievo hanno utilizzato la Lettera 22?
14,Chi è stato il designer della Olivetti Lettera 22?
15,Quali scelte di design sono state fatte per migliorare l'ergonomia della macchina?
16,In che modo il design della Lettera 22 riflette le tendenze stilistiche del suo periodo?
17,Come si presenta la disposizione dei tasti sulla Olivetti Lettera 22?
18,Quali premi di design ha vinto la Lettera 22?
19,Qual è stata la strategia di marketing utilizzata per promuovere la Olivetti Lettera 22?
20,Quali sono stati i principali competitor della Lettera 22 nel mercato delle macchine da scrivere portatili?
21,Qual è stato il prezzo di vendita iniziale della Olivetti Lettera 22?
22,Come è cambiato il prezzo della Lettera 22 nel corso del tempo?
23,In che modo la Olivetti Lettera 22 ha influenzato la cultura popolare?
24,Quali scrittori famosi hanno citato la Lettera 22 nelle loro opere?
25,Come è stata percepita la Lettera 22 nel mondo dell'arte e del design?
26,Quali innovazioni tecnologiche erano presenti nella Olivetti Lettera 22 rispetto ai modelli precedenti?
27,In che modo la Lettera 22 ha influenzato lo sviluppo di future macchine da scrivere o dispositivi simili?
28,Quali sono le caratteristiche ergonomiche che rendono la Olivetti Lettera 22 facile da utilizzare?
29,In che modo la Lettera 22 è stata progettata per essere portatile e maneggevole?
30,"Quali gruppi sociali hanno adottato maggiormente la Lettera 22 (studenti, giornalisti, ecc.)?"
31,Quale impatto ha avuto la Lettera 22 sul lavoro d'ufficio e sulla produttività personale?
32,Cosa è il prodotto olivetti Lettera 22?
33,Mi parleresti del prodotto olivetti valentine?
34,Sono stati fatti dei poster per la valentine?
35,Adriano Olivetti è mai stato in America?
36,Cosa è stato presentato nel 1961 da Ottavio Cascio?
37,Ci sono opere nel museo di arte moderna a New York?
38,is there some product about Olivetti at the museum of modern art in New York?
39,Come faccio ad annullare tutti gli arresti nella lettera 22?
40,Mi descriveresti la leva del bicolore 18 della lettera 22?
41,Cosa è il prodotto olivetti Valentine?
42,Cosa è il prodotto olivetti Lettera 22?
43,In che anno viene fondata Olivetti?
44,Quando muore Adriano Olivetti?
45,Cosa mi racconti di Camillo e Adriano Olivetti?
46,In che anno è stato presentato il Programma 101 e perché è considerato storicamente rilevante?
47,Chi ha progettato il Programma 101?
48,Che tipo di calcolatrice era il Programma 101 e quali erano le sue funzionalità principali?
49,Perché il Programma 101 viene chiamato anche 'Perottina'?
50,Dove e come è stato presentato al pubblico il Programma 101?
51,In che modo il Programma 101 ha influenzato la storia dell'informatica personale?
